NAME	GS<br> follow link to MSigDB	GS DETAILS	SIZE	ES	NES	NOM p-val	FDR q-val	FWER p-val	RANK AT MAX	LEADING EDGE	
NEFTEL_NPC1_2019	NEFTEL_NPC1_2019	Details ...	48	0.56468004	1.4003693	0.16666667	0.40732482	0.375	6421	tags=63%, list=26%, signal=85%	
WANG_CL_2017	WANG_CL_2017	Details ...	47	0.3660605	1.3039606	0.12200436	0.4720703	0.682	5216	tags=23%, list=21%, signal=30%	
NEFTEL_G2.M_2019	NEFTEL_G2.M_2019	Details ...	44	0.6791001	1.1680313	0.3697318	0.7155107	0.936	7224	tags=93%, list=30%, signal=132%	
NEFTEL_OPC_2019	NEFTEL_OPC_2019	Details ...	46	0.43013	1.1311173	0.30645162	0.62415665	0.959	3313	tags=35%, list=14%, signal=40%	
NEFTEL_G1.S_2019	NEFTEL_G1.S_2019	Details ...	27	0.6957748	1.0759934	0.45315486	0.6190454	0.976	5358	tags=78%, list=22%, signal=100%	
VERHAAK_PN_2010	VERHAAK_PN_2010	Details ...	143	0.29664814	0.9228229	0.55364805	0.86363435	0.991	6116	tags=45%, list=25%, signal=60%	
PHILLIPS_PROLIFERATIVE_2006	PHILLIPS_PROLIFERATIVE_2006	Details ...	157	0.44753006	0.90937555	0.69539076	0.7658783	0.991	6737	tags=61%, list=28%, signal=83%	
NEFTEL_MES1_2019	NEFTEL_MES1_2019	Details ...	42	0.34221283	0.86636484	0.6911765	0.7424249	0.994	497	tags=10%, list=2%, signal=10%	
PHILLIPS_PN_2006	PHILLIPS_PN_2006	Details ...	214	0.31006643	0.8338828	0.7446808	0.7091927	0.994	4988	tags=38%, list=20%, signal=48%	
